{
  "rmse": 1.5458190441131592,
  "train_time": 8.016954898834229,
  "infer_time": 0.009051084518432617
}