,rmse,train_time,infer_time
PCA-RGaSP,43.83422378056656,81.08426213264465,0.04879021644592285
DKL,1.8539882898330688,81.45109605789185,0.2714667320251465
