,rmse,train_time,infer_time
DKL,2.0637733936309814,92.26115393638611,0.3378279209136963
PCA-RGaSP,11.974609106379967,46.00479698181152,0.08590006828308105
