,rmse,train_time,infer_time
PCA-RGaSP,23.249518465469446,57.62238526344299,0.022804975509643555
DKL,2.0477898120880127,78.36473178863525,0.26695704460144043
