,rmse,train_time,infer_time
DKL,1.9750487804412842,5.483417272567749,0.037970542907714844
PCA-RGaSP,11.5860663995818,38.86536979675293,0.013394832611083984
