,rmse,train_time,infer_time
DKL,1.694344401359558,5.714736700057983,0.030531883239746094
PCA-RGaSP,38.04515163571733,32.5590934753418,0.012984514236450195
