,rmse,train_time,infer_time
PCA-RGaSP,13.457446879796299,70.86170482635498,0.10804605484008789
DKL,1.690692663192749,140.9054970741272,0.5165340900421143
ExactGP,1.6191701889038086,284.3769290447235,0.14091014862060547
