,rmse,train_time,infer_time
DKL,1.9686912298202515,8.252411365509033,0.05042839050292969
ExactGP,2.02653431892395,11.851608514785767,0.01446390151977539
PCA-RGaSP,29.10887783148382,43.310189962387085,0.018387317657470703
