,rmse,train_time,infer_time
DKL,1.7526073455810547,8.13750696182251,0.05677986145019531
ExactGP,1.7718350887298584,13.642847061157227,0.014572858810424805
PCA-RGaSP,58.829199789433126,73.62438893318176,0.024254560470581055
