,rmse,train_time,infer_time
ExactGP,1.5458190441131592,8.016954898834229,0.009051084518432617
DKL,2.6875245571136475,27.330137968063354,0.12188506126403809
