{
  "rmse": 1.441115140914917,
  "train_time": 7.716728210449219,
  "infer_time": 0.008301019668579102
}