,rmse,train_time,infer_time
ExactGP,1.3504384756088257,21.1718111038208,0.04491114616394043
DKL,2.376586675643921,35.325080156326294,0.10743308067321777
RGaSP,1.717075,408.515034,1.003357
PCA-RGaSP,3.116691904119087,230.07176089286804,0.21159815788269043
