,rmse,train_time,infer_time
DKL,2.29935359954834,6.4900054931640625,0.041708946228027344
ExactGP,1.2393285036087036,11.088965892791748,0.015590190887451172
RGaSP,1.187131,311.662821,0.047782
PCA-RGaSP,3.7044823258195443,382.0518352985382,0.06313872337341309
