,rmse,train_time,infer_time
DKL,2.6242740154266357,6.515597343444824,0.04354238510131836
ExactGP,1.3034098148345947,11.667587041854858,0.015847206115722656
PCA-RGaSP,3.181536660959732,327.902626991272,0.03567099571228027
RGaSP,1.445731,381.838982,0.038939
