,rmse,train_time,infer_time
ExactGP,1.3863493204116821,12.808419704437256,0.0335543155670166
DKL,2.6050689220428467,33.893702030181885,0.11351394653320312
RGaSP,1.281976,331.478378,0.266681
PCA-RGaSP,3.841037849772544,337.80336689949036,0.13466286659240723
