,rmse,train_time,infer_time
ExactGP,1.3976181745529175,23.37395477294922,0.021181106567382812
DKL,2.614553451538086,39.092768907547,0.12709808349609375
PCA-RGaSP,3.7958455224027823,286.1874737739563,0.6452529430389404
RGaSP,1.244629,398.24465,0.349709
