,rmse,train_time,infer_time
ExactGP,1.481506109237671,25.860744953155518,0.02253580093383789
DKL,2.60457444190979,41.13935589790344,0.13691401481628418
PCA-RGaSP,3.210789298247497,291.96676206588745,0.1596510410308838
RGaSP,1.678992,364.862142,0.08822
