{
  "rmse": 2.6463475227355957,
  "train_time": 25.761016845703125,
  "infer_time": 0.09117698669433594
}