,rmse,train_time,infer_time
ExactGP,1.476082682609558,27.030134916305542,0.05524587631225586
DKL,2.543344736099243,42.64465594291687,0.1716921329498291
PCA-RGaSP,3.097893039943892,375.86010813713074,0.2271740436553955
RGaSP,1.495578,485.362939,0.187508
