,rmse,train_time,infer_time
DKL,2.192204713821411,6.459664821624756,0.04610848426818848
ExactGP,1.46457040309906,11.09714961051941,0.020917177200317383
PCA-RGaSP,2.6921567304584526,316.4109263420105,0.07950496673583984
RGaSP,1.526239,489.640082,0.0313
