,rmse,train_time,infer_time
ExactGP,1.5493353605270386,33.19688177108765,0.04625701904296875
DKL,3.0063533782958984,48.06597709655762,0.16838717460632324
PCA-RGaSP,3.139556518653979,360.0433690547943,0.11450433731079102
RGaSP,1.503212,431.884873,0.057614
