,rmse,train_time,infer_time
ExactGP,1.2403758764266968,22.804893970489502,0.027434825897216797
DKL,2.41789174079895,39.22973275184631,0.17070794105529785
PCA-RGaSP,3.4528964018134447,286.88745188713074,0.3890500068664551
RGaSP,1.348679,332.483984,0.629166
