,rmse,train_time,infer_time
ExactGP,1.6388007402420044,23.084399938583374,0.021792888641357422
DKL,2.7801496982574463,40.25536108016968,0.1496720314025879
PCA-RGaSP,3.453857493888592,263.7195420265198,0.060598134994506836
RGaSP,1.564266,305.138613,0.091531
