,rmse,train_time,infer_time
DKL,2.4121615886688232,7.089097023010254,0.048107147216796875
ExactGP,1.343102216720581,12.970937490463257,0.017745256423950195
PCA-RGaSP,3.4158724728092036,388.3588955402374,0.06364202499389648
RGaSP,1.301213,454.718354,0.068895
