{
  "rmse": 2.6875245571136475,
  "train_time": 27.330137968063354,
  "infer_time": 0.12188506126403809
}