,rmse,train_time,infer_time
ExactGP,1.5729447603225708,22.072772979736328,0.024865150451660156
DKL,3.0294578075408936,34.15957593917847,0.11603879928588867
RGaSP,1.477596,329.053628,0.07942
