,rmse,train_time,infer_time
ExactGP,1.3265571594238281,17.539072036743164,0.016987085342407227
DKL,2.631300687789917,33.228468894958496,0.10945677757263184
RGaSP,1.575671,374.248891,0.090563
